/*
SQLyog Community v13.1.7 (64 bit)
MySQL - 8.0.31 : Database - edupia_tutor
*********************************************************************
*/

/*!40101 SET NAMES utf8 */;

/*!40101 SET SQL_MODE=''*/;

/*!40014 SET @OLD_UNIQUE_CHECKS=@@UNIQUE_CHECKS, UNIQUE_CHECKS=0 */;
/*!40014 SET @OLD_FOREIGN_KEY_CHECKS=@@FOREIGN_KEY_CHECKS, FOREIGN_KEY_CHECKS=0 */;
/*!40101 SET @OLD_SQL_MODE=@@SQL_MODE, SQL_MODE='NO_AUTO_VALUE_ON_ZERO' */;
/*!40111 SET @OLD_SQL_NOTES=@@SQL_NOTES, SQL_NOTES=0 */;

USE `edupia_tutor`;

/*Table structure for table `wc_match` */

DROP TABLE IF EXISTS `wc_match`;

CREATE TABLE `wc_match` (
  `id` VARCHAR(255) NOT NULL,
  `created_at` BIGINT DEFAULT NULL,
  `updated_at` BIGINT DEFAULT NULL,
  `date` INT NOT NULL,
  `result` VARCHAR(255) DEFAULT NULL,
  `slack_message_id` VARCHAR(255) DEFAULT NULL,
  `start_time` INT NOT NULL,
  `team1goals` INT NOT NULL,
  `team1id` VARCHAR(255) DEFAULT NULL,
  `team2goals` INT NOT NULL,
  `team2id` VARCHAR(255) DEFAULT NULL,
  `tournament_id` VARCHAR(255) DEFAULT NULL,
  `type` INT NOT NULL,
  PRIMARY KEY (`id`)
) ENGINE=INNODB DEFAULT CHARSET=utf8mb4 COLLATE=utf8mb4_general_ci;

/*Data for the table `wc_match` */

INSERT  INTO `wc_match`(`id`,`created_at`,`updated_at`,`date`,`result`,`slack_message_id`,`start_time`,`team1goals`,`team1id`,`team2goals`,`team2id`,`tournament_id`,`type`) VALUES 
('050d043d-4733-4229-a967-07a5ff855f43',1669671197000,1669671197000,20221127,NULL,'1669435517.647649',1380,4,'eb353fb1-30eb-4f03-9459-ee2a4bfc3717',1,'1d1b9eb3-148c-47d7-a20a-1b4a778c5660','world_cup_2022',0),
('05a2cc0e-1b4a-401b-a128-5d3b91f522fb',1669671197000,1669671197000,20221127,NULL,'1669435476.551909',1020,0,'6d042aa1-5df1-4c5b-8818-eca2b82f5b0d',1,'5a51e179-500e-476d-a808-5c890599b4aa','world_cup_2022',0),
('09e747e1-543b-4e5f-9df0-53e93d121f49',1669671197000,1669671197000,20221203,NULL,NULL,120,0,'eb4fff22-fca9-45e4-955c-ce6c2a4ec968',0,'5565a10f-a061-4382-a703-27ba15931110','world_cup_2022',0),
('105e4cb0-e13d-4533-bceb-53f1c660ad4e',1669671197000,1669671197000,20221124,NULL,'1669272396.131379',1380,3,'97b98dd4-0002-4fe0-a70b-9140b45a5460',2,'a6ed3657-10bf-42ad-bab7-f762d259a778','world_cup_2022',0),
('1542f17c-2bac-4ed1-8d8e-15bac86743d0',1669671197000,1669671197000,20221129,NULL,'1669646173.702599',1320,0,'7b21bb70-1e1b-4878-9fea-def60b5a67f8',0,'062fb0ab-64d8-4eb9-9855-5dfef1940fe3','world_cup_2022',0),
('23f87783-86c4-4a9a-be45-e4d713efabf9',1669671197000,1669671197000,20221123,NULL,NULL,1200,1,'8d18b57b-f004-4820-8622-5315495be400',2,'6d042aa1-5df1-4c5b-8818-eca2b82f5b0d','world_cup_2022',0),
('28402746-d6f8-4946-8152-aa6090cb0eff',1669671197000,1669671197000,20221126,NULL,'1669377144.626499',1200,2,'c355a3cf-cf37-458b-bfe3-0a70b6c6babb',0,'d24b618d-01ed-4dbc-ba26-886775200830','world_cup_2022',0),
('2a476ecb-96b0-4542-8c7c-c2880a57f11b',1669671197000,1669671197000,20221202,NULL,NULL,1320,0,'a6ed3657-10bf-42ad-bab7-f762d259a778',0,'d04375d2-7c65-4878-91da-d9fddf4170b7','world_cup_2022',0),
('2d9762de-f5cf-47c4-9534-8f7d2e845957',1669671197000,1669671197000,20221124,NULL,'1669272378.878889',120,1,'e6b5024d-3ffc-4e3b-af02-753dde63ed4c',0,'1d1b9eb3-148c-47d7-a20a-1b4a778c5660','world_cup_2022',0),
('3028c1ce-036d-4841-84bf-c1c35ea69ec4',1669671197000,1669671197000,20221128,NULL,'1669534714.938419',1200,2,'cf343bfc-eae2-4948-85f2-430f2ce447a9',3,'a6ed3657-10bf-42ad-bab7-f762d259a778','world_cup_2022',0),
('303f8424-a347-4b35-8917-9b3862b79a56',1669671197000,1669671197000,20221127,NULL,'1669435502.349769',1200,0,'e6b5024d-3ffc-4e3b-af02-753dde63ed4c',2,'4054bdd2-7db5-4611-8456-c3664f1fb57a','world_cup_2022',0),
('32e13717-35eb-4c4f-9bf6-e873ff0dd2a0',1669671197000,1669671197000,20221124,NULL,'1669272387.522699',1200,0,'d04375d2-7c65-4878-91da-d9fddf4170b7',0,'cf343bfc-eae2-4948-85f2-430f2ce447a9','world_cup_2022',0),
('3d141f76-af1e-4868-8ccc-09c0252302d2',1669671197000,1669671197000,20221130,NULL,NULL,1320,0,'c395ce90-eab8-459f-b27d-846254b19c7c',0,'96cedac1-3d49-4289-ab87-3e2d6bd2327a','world_cup_2022',0),
('536249eb-d18b-4170-b92b-29531abaec6a',1669671197000,1669671197000,20221123,NULL,NULL,1380,7,'5b4a4d37-2366-49bd-be86-31c0ff55dabb',0,'5a51e179-500e-476d-a808-5c890599b4aa','world_cup_2022',0),
('61c2668b-fdb9-46c4-b846-1fec09441a2b',1669671197000,1669671197000,20221201,NULL,NULL,1320,0,'1d1b9eb3-148c-47d7-a20a-1b4a778c5660',0,'4054bdd2-7db5-4611-8456-c3664f1fb57a','world_cup_2022',0),
('644129a2-6f81-496b-acbb-c0639964bf00',1669671197000,1669671197000,20221123,NULL,NULL,120,4,'90813a12-0fee-4bd8-99cc-767db5856ca3',1,'c395ce90-eab8-459f-b27d-846254b19c7c','world_cup_2022',0),
('651fd42b-bb6b-4a78-8f10-764c33f10a6b',1669671197000,1669671197000,20221201,NULL,NULL,120,0,'d24b618d-01ed-4dbc-ba26-886775200830',0,'6722fb87-fe5c-4d98-aacf-dce7ab5080ca','world_cup_2022',0),
('697fc294-13f4-412d-a36a-b0fa1a03c318',1669671197000,1669671197000,20221203,NULL,NULL,120,0,'45002e96-70ce-4236-9f46-659bb4392599',0,'5cc3da6d-4a35-4337-9aaf-b3d9dda17864','world_cup_2022',0),
('6c82b57a-51a0-4d8b-ab84-62507aa5f2f5',1669671197000,1669671197000,20221122,NULL,NULL,120,1,'23cd3c4d-eaee-4973-bd9c-06a3246ad241',1,'501db632-5628-47f2-9c23-6cf47b808054','world_cup_2022',0),
('6f7bf3e7-2486-4f1d-b17a-819b277f5fb5',1669671197000,1669671197000,20221202,NULL,NULL,1320,0,'cf343bfc-eae2-4948-85f2-430f2ce447a9',0,'97b98dd4-0002-4fe0-a70b-9140b45a5460','world_cup_2022',0),
('71be8dcb-a328-4e4b-b474-66b499677caf',1669671197000,1669671197000,20221130,NULL,NULL,1320,0,'32056de0-92f4-463d-99b2-c3f2f1ad903f',0,'90813a12-0fee-4bd8-99cc-767db5856ca3','world_cup_2022',0),
('79cf13c7-356e-4c0f-b07e-0b77565d8e69',1669671197000,1669671197000,20221127,NULL,'1669435454.617669',120,2,'9907ff75-1641-420f-a040-012fc9f0c3e1',0,'6722fb87-fe5c-4d98-aacf-dce7ab5080ca','world_cup_2022',0),
('819e7a31-8294-4d8a-b9f6-9debf9da31fc',1669671197000,1669671197000,20221128,NULL,'1669534667.080449',120,1,'5b4a4d37-2366-49bd-be86-31c0ff55dabb',1,'8d18b57b-f004-4820-8622-5315495be400','world_cup_2022',0),
('8ecdee64-1c3b-4e33-91b4-55b5a0818189',1669671197000,1669671197000,20221125,NULL,'1669272407.818909',120,2,'5565a10f-a061-4382-a703-27ba15931110',0,'45002e96-70ce-4236-9f46-659bb4392599','world_cup_2022',0),
('9bd1bdec-db85-4235-9889-278998edfe60',1669671197000,1669671197000,20221124,NULL,'1669272378.878889',1020,1,'5cc3da6d-4a35-4337-9aaf-b3d9dda17864',0,'eb4fff22-fca9-45e4-955c-ce6c2a4ec968','world_cup_2022',0),
('9f4983b3-18d4-4292-b991-9aeea38cf3a8',1669671197000,1669671197000,20221123,NULL,NULL,1020,0,'4054bdd2-7db5-4611-8456-c3664f1fb57a',0,'eb353fb1-30eb-4f03-9459-ee2a4bfc3717','world_cup_2022',0),
('a257fb2b-0d70-4320-b76a-4e4186963ff3',1669671197000,1669671197000,20221126,NULL,'1669377174.605359',1380,2,'90813a12-0fee-4bd8-99cc-767db5856ca3',1,'96cedac1-3d49-4289-ab87-3e2d6bd2327a','world_cup_2022',0),
('a4a191a5-07b2-4ee0-87be-aa3047f845ed',1669671197000,1669671197000,20221201,NULL,NULL,120,0,'c355a3cf-cf37-458b-bfe3-0a70b6c6babb',0,'9907ff75-1641-420f-a040-012fc9f0c3e1','world_cup_2022',0),
('a80de4e1-eeb9-4062-8c29-c3de5cccb816',1669671197000,1669671197000,20221202,NULL,NULL,120,0,'6d042aa1-5df1-4c5b-8818-eca2b82f5b0d',0,'5b4a4d37-2366-49bd-be86-31c0ff55dabb','world_cup_2022',0),
('ad03aeae-3766-4a62-8681-da5bf5fadd57',1669671197000,1669671197000,20221126,NULL,'1669377119.598869',1020,0,'32056de0-92f4-463d-99b2-c3f2f1ad903f',1,'c395ce90-eab8-459f-b27d-846254b19c7c','world_cup_2022',0),
('bb89c6ac-b3c4-44d0-8234-bdfe0c1d1107',1669671197000,1669671197000,20221122,NULL,NULL,1020,1,'9907ff75-1641-420f-a040-012fc9f0c3e1',2,'d24b618d-01ed-4dbc-ba26-886775200830','world_cup_2022',0),
('bcac6589-f778-4913-8dfb-17bdbbc7648c',1669671197000,1669671197000,20221125,NULL,'1669272434.407089',1380,1,'7b21bb70-1e1b-4878-9fea-def60b5a67f8',1,'3fd1a07f-d93e-4383-a092-0e4c2dbbbb38','world_cup_2022',0),
('c0d3fe5b-20d1-49c2-acae-675d692d44a4',1669671197000,1669671197000,20221130,NULL,NULL,120,0,'b5dfc0e2-be02-4de1-87ae-4c25d365e6e7',0,'23cd3c4d-eaee-4973-bd9c-06a3246ad241','world_cup_2022',0),
('c133ac33-6cfa-428a-a561-96f77ad9ef50',1669671197000,1669671197000,20221128,NULL,'1669534738.608429',1380,1,'5565a10f-a061-4382-a703-27ba15931110',0,'5cc3da6d-4a35-4337-9aaf-b3d9dda17864','world_cup_2022',0),
('c24cac98-9880-4623-bc99-02a508f0bebe',1669671197000,1669671197000,20221122,NULL,NULL,1380,0,'6722fb87-fe5c-4d98-aacf-dce7ab5080ca',0,'c355a3cf-cf37-458b-bfe3-0a70b6c6babb','world_cup_2022',0),
('c24ccdb4-7eb8-49d1-8019-da306b719935',1669671197000,1669671197000,20221122,NULL,NULL,1200,0,'96cedac1-3d49-4289-ab87-3e2d6bd2327a',0,'32056de0-92f4-463d-99b2-c3f2f1ad903f','world_cup_2022',0),
('c8617606-606d-4c3a-a6b4-a2caec8ddd20',1669671197000,1669671197000,20221120,NULL,NULL,1380,0,'062fb0ab-64d8-4eb9-9855-5dfef1940fe3',2,'3fd1a07f-d93e-4383-a092-0e4c2dbbbb38','world_cup_2022',0),
('cbb86d1a-9fb2-4c34-bb73-67500f74acc9',1669671197000,1669671197000,20221128,NULL,'1669534687.293449',1020,3,'eb4fff22-fca9-45e4-955c-ce6c2a4ec968',3,'45002e96-70ce-4236-9f46-659bb4392599','world_cup_2022',0),
('cdb97acc-5feb-4684-9200-9c70062246a7',1669671197000,1669671197000,20221129,NULL,'1669646173.702599',1320,0,'3fd1a07f-d93e-4383-a092-0e4c2dbbbb38',0,'3da8fcfc-2a73-4592-a780-e03080ea236b','world_cup_2022',0),
('d78ac2cb-c368-4e83-9124-cf9a56593374',1669671197000,1669671197000,20221125,NULL,'1669272418.079489',1020,0,'501db632-5628-47f2-9c23-6cf47b808054',2,'b5dfc0e2-be02-4de1-87ae-4c25d365e6e7','world_cup_2022',0),
('d8fbf7c0-519e-440e-86e1-fb38e43240cb',1669671197000,1669671197000,20221202,NULL,NULL,120,0,'5a51e179-500e-476d-a808-5c890599b4aa',0,'8d18b57b-f004-4820-8622-5315495be400','world_cup_2022',0),
('dd7945cc-bcf1-4daa-be99-7e2434ce9bc4',1669671197000,1669671197000,20221129,NULL,'1669646173.702599',120,0,'97b98dd4-0002-4fe0-a70b-9140b45a5460',0,'d04375d2-7c65-4878-91da-d9fddf4170b7','world_cup_2022',0),
('e07e1c88-2ec6-4e2b-832b-c70f55070c31',1669671197000,1669671197000,20221126,NULL,'1669377052.957229',120,0,'4b97a94b-f2ba-4b94-a3d7-95b02fa76a04',0,'23cd3c4d-eaee-4973-bd9c-06a3246ad241','world_cup_2022',0),
('ec4f548c-2ea4-4ab2-bda7-10ebdb90836b',1669671197000,1669671197000,20221201,NULL,NULL,1320,0,'eb353fb1-30eb-4f03-9459-ee2a4bfc3717',0,'e6b5024d-3ffc-4e3b-af02-753dde63ed4c','world_cup_2022',0),
('ed0c0628-4e94-4df7-931e-62f80d91c800',1669671197000,1669671197000,20221121,NULL,NULL,1200,6,'4b97a94b-f2ba-4b94-a3d7-95b02fa76a04',2,'b5dfc0e2-be02-4de1-87ae-4c25d365e6e7','world_cup_2022',0),
('efffa71b-1e70-4ae6-9aed-ad8250154c40',1669671197000,1669671197000,20221130,NULL,NULL,120,0,'501db632-5628-47f2-9c23-6cf47b808054',0,'4b97a94b-f2ba-4b94-a3d7-95b02fa76a04','world_cup_2022',0),
('f00859a5-4948-4d47-99ae-5e4b992efce0',1669671197000,1669671197000,20221121,NULL,NULL,1380,0,'3da8fcfc-2a73-4592-a780-e03080ea236b',2,'7b21bb70-1e1b-4878-9fea-def60b5a67f8','world_cup_2022',0),
('f9f4d7d1-ce43-42e5-afec-51e1e91ee666',1669671197000,1669671197000,20221125,NULL,'1669272426.113489',1200,1,'062fb0ab-64d8-4eb9-9855-5dfef1940fe3',3,'3da8fcfc-2a73-4592-a780-e03080ea236b','world_cup_2022',0);

/*Table structure for table `wc_match_user_bet` */

DROP TABLE IF EXISTS `wc_match_user_bet`;

CREATE TABLE `wc_match_user_bet` (
  `id` VARCHAR(255) NOT NULL,
  `created_at` BIGINT DEFAULT NULL,
  `updated_at` BIGINT DEFAULT NULL,
  `bet` VARCHAR(255) DEFAULT NULL,
  `match_id` VARCHAR(255) DEFAULT NULL,
  `result` INT NOT NULL,
  `user_id` VARCHAR(255) DEFAULT NULL,
  PRIMARY KEY (`id`)
) ENGINE=INNODB DEFAULT CHARSET=utf8mb4 COLLATE=utf8mb4_general_ci;

/*Data for the table `wc_match_user_bet` */

/*Table structure for table `wc_team` */

DROP TABLE IF EXISTS `wc_team`;

CREATE TABLE `wc_team` (
  `id` VARCHAR(255) NOT NULL,
  `created_at` BIGINT DEFAULT NULL,
  `updated_at` BIGINT DEFAULT NULL,
  `code` VARCHAR(255) DEFAULT NULL,
  `flag_url` VARCHAR(255) DEFAULT NULL,
  `name` VARCHAR(255) DEFAULT NULL,
  PRIMARY KEY (`id`),
  UNIQUE KEY `UK_qpwc4b434i2q6wf0yto1af75k` (`code`)
) ENGINE=INNODB DEFAULT CHARSET=utf8mb4 COLLATE=utf8mb4_general_ci;

/*Data for the table `wc_team` */

INSERT  INTO `wc_team`(`id`,`created_at`,`updated_at`,`code`,`flag_url`,`name`) VALUES 
('062fb0ab-64d8-4eb9-9855-5dfef1940fe3',1669671197000,1669671197000,'Qatar',NULL,'Qatar'),
('1d1b9eb3-148c-47d7-a20a-1b4a778c5660',1669671197000,1669671197000,'Canada',NULL,'Canada'),
('23cd3c4d-eaee-4973-bd9c-06a3246ad241',1669671197000,1669671197000,'USA',NULL,'Mỹ'),
('32056de0-92f4-463d-99b2-c3f2f1ad903f',1669671197000,1669671197000,'Tunisia',NULL,'Tunisia'),
('3da8fcfc-2a73-4592-a780-e03080ea236b',1669671197000,1669671197000,'Senegal',NULL,'Senegal'),
('3fd1a07f-d93e-4383-a092-0e4c2dbbbb38',1669671197000,1669671197000,'Ecuador',NULL,'Ecuador'),
('4054bdd2-7db5-4611-8456-c3664f1fb57a',1669671197000,1669671197000,'Morocco',NULL,'Morocco'),
('45002e96-70ce-4236-9f46-659bb4392599',1669671197000,1669671197000,'Serbia',NULL,'Serbia'),
('4b97a94b-f2ba-4b94-a3d7-95b02fa76a04',1669671197000,1669671197000,'England',NULL,'Anh'),
('501db632-5628-47f2-9c23-6cf47b808054',1669671197000,1669671197000,'Wales',NULL,'Wales'),
('5565a10f-a061-4382-a703-27ba15931110',1669671197000,1669671197000,'Brazil',NULL,'Brazil'),
('5a51e179-500e-476d-a808-5c890599b4aa',1669671197000,1669671197000,'Costa Rica',NULL,'Costa Rica'),
('5b4a4d37-2366-49bd-be86-31c0ff55dabb',1669671197000,1669671197000,'Spain',NULL,'Tây Ban Nha'),
('5cc3da6d-4a35-4337-9aaf-b3d9dda17864',1669671197000,1669671197000,'Switzerland',NULL,'Thụy Sĩ'),
('6722fb87-fe5c-4d98-aacf-dce7ab5080ca',1669671197000,1669671197000,'Mexico',NULL,'Mexico'),
('6d042aa1-5df1-4c5b-8818-eca2b82f5b0d',1669671197000,1669671197000,'Japan',NULL,'Nhật Bản'),
('7b21bb70-1e1b-4878-9fea-def60b5a67f8',1669671197000,1669671197000,'Netherlands',NULL,'Hà Lan'),
('8d18b57b-f004-4820-8622-5315495be400',1669671197000,1669671197000,'Germany',NULL,'Đức'),
('90813a12-0fee-4bd8-99cc-767db5856ca3',1669671197000,1669671197000,'France',NULL,'Pháp'),
('96cedac1-3d49-4289-ab87-3e2d6bd2327a',1669671197000,1669671197000,'Denmark',NULL,'Đan Mạch'),
('97b98dd4-0002-4fe0-a70b-9140b45a5460',1669671197000,1669671197000,'Portugal',NULL,'Bồ Đào Nha'),
('9907ff75-1641-420f-a040-012fc9f0c3e1',1669671197000,1669671197000,'Argentina',NULL,'Argentina'),
('a6ed3657-10bf-42ad-bab7-f762d259a778',1669671197000,1669671197000,'Ghana',NULL,'Ghana'),
('b5dfc0e2-be02-4de1-87ae-4c25d365e6e7',1669671197000,1669671197000,'Iran',NULL,'Iran'),
('c355a3cf-cf37-458b-bfe3-0a70b6c6babb',1669671197000,1669671197000,'Poland',NULL,'Ba Lan'),
('c395ce90-eab8-459f-b27d-846254b19c7c',1669671197000,1669671197000,'Australia',NULL,'Australia'),
('cf343bfc-eae2-4948-85f2-430f2ce447a9',1669671197000,1669671197000,'South Korea',NULL,'Hàn Quốc'),
('d04375d2-7c65-4878-91da-d9fddf4170b7',1669671197000,1669671197000,'Uruguay',NULL,'Uruguay'),
('d24b618d-01ed-4dbc-ba26-886775200830',1669671197000,1669671197000,'Saudi Arabia',NULL,'Saudi Arabia'),
('e6b5024d-3ffc-4e3b-af02-753dde63ed4c',1669671197000,1669671197000,'Belgium',NULL,'Bỉ'),
('eb353fb1-30eb-4f03-9459-ee2a4bfc3717',1669671197000,1669671197000,'Croatia',NULL,'Croatia'),
('eb4fff22-fca9-45e4-955c-ce6c2a4ec968',1669671197000,1669671197000,'Cameroon',NULL,'Cameroon');

/*Table structure for table `wc_tournament` */

DROP TABLE IF EXISTS `wc_tournament`;

CREATE TABLE `wc_tournament` (
  `id` VARCHAR(255) NOT NULL,
  `created_at` BIGINT DEFAULT NULL,
  `updated_at` BIGINT DEFAULT NULL,
  `name` VARCHAR(255) DEFAULT NULL,
  PRIMARY KEY (`id`)
) ENGINE=INNODB DEFAULT CHARSET=utf8mb4 COLLATE=utf8mb4_general_ci;

/*Data for the table `wc_tournament` */

INSERT  INTO `wc_tournament`(`id`,`created_at`,`updated_at`,`name`) VALUES 
('world_cup_2022',1669671197000,1669671197000,'WORLD CUP 2022');

/*Table structure for table `wc_tournament_team` */

DROP TABLE IF EXISTS `wc_tournament_team`;

CREATE TABLE `wc_tournament_team` (
  `id` VARCHAR(255) NOT NULL,
  `created_at` BIGINT DEFAULT NULL,
  `updated_at` BIGINT DEFAULT NULL,
  `team_id` VARCHAR(255) DEFAULT NULL,
  `tournament_id` VARCHAR(255) DEFAULT NULL,
  PRIMARY KEY (`id`)
) ENGINE=INNODB DEFAULT CHARSET=utf8mb4 COLLATE=utf8mb4_general_ci;

/*Data for the table `wc_tournament_team` */

INSERT  INTO `wc_tournament_team`(`id`,`created_at`,`updated_at`,`team_id`,`tournament_id`) VALUES 
('01a6071f-573b-49c7-abd2-40beab3e302f',1669671197000,1669671197000,'7b21bb70-1e1b-4878-9fea-def60b5a67f8','world_cup_2022'),
('146d504c-154b-4e79-8eed-d046cd51149d',1669671197000,1669671197000,'1d1b9eb3-148c-47d7-a20a-1b4a778c5660','world_cup_2022'),
('16d85f11-9f33-4476-886e-e19c6a797b52',1669671197000,1669671197000,'97b98dd4-0002-4fe0-a70b-9140b45a5460','world_cup_2022'),
('21684508-5d60-4ed1-b990-11f640919675',1669671197000,1669671197000,'9907ff75-1641-420f-a040-012fc9f0c3e1','world_cup_2022'),
('2d7f97fb-5207-4753-85d3-e193752e37a8',1669671197000,1669671197000,'32056de0-92f4-463d-99b2-c3f2f1ad903f','world_cup_2022'),
('3600b582-f3c4-42ff-a591-da82c47a910b',1669671197000,1669671197000,'3fd1a07f-d93e-4383-a092-0e4c2dbbbb38','world_cup_2022'),
('383efc69-fd9b-4e1b-a79a-4fee25d77c2e',1669671197000,1669671197000,'d04375d2-7c65-4878-91da-d9fddf4170b7','world_cup_2022'),
('47053f11-5dd1-4f42-a845-7d01370ba480',1669671197000,1669671197000,'a6ed3657-10bf-42ad-bab7-f762d259a778','world_cup_2022'),
('49524dab-51b7-439c-a99e-ae9750ad991d',1669671197000,1669671197000,'3da8fcfc-2a73-4592-a780-e03080ea236b','world_cup_2022'),
('52858dc3-1b21-47f4-838a-bb4c6b4366dd',1669671197000,1669671197000,'45002e96-70ce-4236-9f46-659bb4392599','world_cup_2022'),
('54060041-24d6-4672-8128-3c88c8694e22',1669671197000,1669671197000,'062fb0ab-64d8-4eb9-9855-5dfef1940fe3','world_cup_2022'),
('699bbec5-e962-41cc-9c53-2a316bf7550b',1669671197000,1669671197000,'5cc3da6d-4a35-4337-9aaf-b3d9dda17864','world_cup_2022'),
('82c683e0-fecd-4cdc-8afc-fe11c4770ee5',1669671197000,1669671197000,'4054bdd2-7db5-4611-8456-c3664f1fb57a','world_cup_2022'),
('880ec41b-9a4c-4a52-9ab2-1ff3bc27557b',1669671197000,1669671197000,'e6b5024d-3ffc-4e3b-af02-753dde63ed4c','world_cup_2022'),
('9e37cdfc-ecd8-4f83-b052-876b4549ac5c',1669671197000,1669671197000,'96cedac1-3d49-4289-ab87-3e2d6bd2327a','world_cup_2022'),
('a27fdd1a-b83f-4b6c-886b-5e76285f6eda',1669671197000,1669671197000,'501db632-5628-47f2-9c23-6cf47b808054','world_cup_2022'),
('a343596f-1904-4947-a488-5e51fd00fd24',1669671197000,1669671197000,'cf343bfc-eae2-4948-85f2-430f2ce447a9','world_cup_2022'),
('a7243a4b-38b6-42bf-918b-e608258ba0c7',1669671197000,1669671197000,'b5dfc0e2-be02-4de1-87ae-4c25d365e6e7','world_cup_2022'),
('a73fc742-9df6-49ed-841d-d8ff97194dc2',1669671197000,1669671197000,'6d042aa1-5df1-4c5b-8818-eca2b82f5b0d','world_cup_2022'),
('ad9011ba-55a1-44b1-a7da-86ec197a0301',1669671197000,1669671197000,'eb353fb1-30eb-4f03-9459-ee2a4bfc3717','world_cup_2022'),
('af648339-c423-45a4-8969-bea434870069',1669671197000,1669671197000,'c395ce90-eab8-459f-b27d-846254b19c7c','world_cup_2022'),
('b3206af4-d2e8-4612-957c-1a2f6479d93e',1669671197000,1669671197000,'5565a10f-a061-4382-a703-27ba15931110','world_cup_2022'),
('bddcbd64-c3b4-439f-91a6-64afd8138743',1669671197000,1669671197000,'8d18b57b-f004-4820-8622-5315495be400','world_cup_2022'),
('bf884546-39b8-4782-9d5c-ee04e0cf46fc',1669671197000,1669671197000,'90813a12-0fee-4bd8-99cc-767db5856ca3','world_cup_2022'),
('c03b5fdf-6b4e-42e0-8fc3-96a95359fb29',1669671197000,1669671197000,'4b97a94b-f2ba-4b94-a3d7-95b02fa76a04','world_cup_2022'),
('c6c1a1f6-9047-4e78-8f7d-91f0274adab1',1669671197000,1669671197000,'5a51e179-500e-476d-a808-5c890599b4aa','world_cup_2022'),
('d581d25a-33c1-4efb-bb76-845bb8671d63',1669671197000,1669671197000,'23cd3c4d-eaee-4973-bd9c-06a3246ad241','world_cup_2022'),
('d672f94a-77a9-4488-8dd3-bca5ef6fcbf6',1669671197000,1669671197000,'5b4a4d37-2366-49bd-be86-31c0ff55dabb','world_cup_2022'),
('e0b199ea-446e-4257-a201-7f03e9e5e4e9',1669671197000,1669671197000,'d24b618d-01ed-4dbc-ba26-886775200830','world_cup_2022'),
('ef4a42b1-b139-41c5-a238-d2899bbb75b2',1669671197000,1669671197000,'c355a3cf-cf37-458b-bfe3-0a70b6c6babb','world_cup_2022'),
('f4097302-56ce-45e0-bdbc-fef26d19c77e',1669671197000,1669671197000,'eb4fff22-fca9-45e4-955c-ce6c2a4ec968','world_cup_2022'),
('fdc4e600-879b-4b6b-9c70-fe78c66d5765',1669671197000,1669671197000,'6722fb87-fe5c-4d98-aacf-dce7ab5080ca','world_cup_2022');

/*Table structure for table `wc_tournament_user_board` */

DROP TABLE IF EXISTS `wc_tournament_user_board`;

CREATE TABLE `wc_tournament_user_board` (
  `id` VARCHAR(255) NOT NULL,
  `created_at` BIGINT DEFAULT NULL,
  `updated_at` BIGINT DEFAULT NULL,
  `rank_index` INT NOT NULL,
  `score` INT NOT NULL,
  `tournament_id` VARCHAR(255) DEFAULT NULL,
  `user_id` VARCHAR(255) DEFAULT NULL,
  PRIMARY KEY (`id`)
) ENGINE=INNODB DEFAULT CHARSET=utf8mb4 COLLATE=utf8mb4_general_ci;

/*Data for the table `wc_tournament_user_board` */

/*Table structure for table `wc_user` */

DROP TABLE IF EXISTS `wc_user`;

CREATE TABLE `wc_user` (
  `id` VARCHAR(255) NOT NULL,
  `created_at` BIGINT DEFAULT NULL,
  `updated_at` BIGINT DEFAULT NULL,
  `full_name` VARCHAR(255) DEFAULT NULL,
  `slack_user_id` VARCHAR(255) DEFAULT NULL,
  PRIMARY KEY (`id`),
  UNIQUE KEY `UK_5k4ct1n78lrssuge1h24d0ayn` (`slack_user_id`)
) ENGINE=INNODB DEFAULT CHARSET=utf8mb4 COLLATE=utf8mb4_general_ci;

/*Data for the table `wc_user` */

/*!40101 SET SQL_MODE=@OLD_SQL_MODE */;
/*!40014 SET FOREIGN_KEY_CHECKS=@OLD_FOREIGN_KEY_CHECKS */;
/*!40014 SET UNIQUE_CHECKS=@OLD_UNIQUE_CHECKS */;
/*!40111 SET SQL_NOTES=@OLD_SQL_NOTES */;
